Job,Integer,Company Name,Email
Surgeon,3,Roberts PLC,ztaylor@example.org
Medical secretary,3,"Aguirre, Allison and Boyer",cynthia02@example.org
Nature conservation officer,6,"Charles, Smith and Drake",josephbrown@example.net
"Geneticist, molecular",6,Johnson-Harris,moorebailey@example.net
Education administrator,5,"Miller, Jones and Nelson",frances42@example.com
Industrial buyer,8,Foley Ltd,fsampson@example.org
Solicitor,8,Delacruz-Conner,devinmayer@example.com
Video editor,6,White-Kennedy,rodriguezadam@example.net
"Nurse, learning disability",5,"Reed, Wallace and Murray",kenneth87@example.org
