Job,Address,Ages,Textsr,Huy
"Scientist, research (maths)","331 Coleman Roads Suite 138
Norrismouth, CA 62589",33,Billion another size message enjoy. Nice education any common effort visit impact. Buy father identify ever wear. Reflect marriage room.,Score interview subject ready way. Foot occur story college sign newspaper prevent. Fear cause trial not finish dream similar. Maintain clearly ability head news. Language blood opportunity gun. Cut wonder find test some within fall create. Later sometimes conference statement energy really. Side sort above certainly under. Drive right church. Couple picture know particular power concern. Different system whether officer. Radio history worker even. Particular sister buy real. Close model time moment. Drop side enough change heart son everybody. Street of choose sea country administration. Scene customer reflect support.
"Scientist, water quality","4423 Michelle Ports
South Pedro, MN 30114",10,Case manager wife national nation plan marriage let. Another class adult behind lay. Into view policy. Eye boy street future.,But maybe she shake life. Key form begin agency themselves different thank. Human serve involve. Expert nature always reality glass. Produce far free discover. Behind position next agreement. After meeting save none. Development production blood cultural. Send method third of player mean. To policy realize pull teach agency trade. Before will page mind strong through whole.
Air broker,"96868 Zachary Avenue Apt. 269
Nicholasville, KS 57645",14,Management physical nearly. Author tell war keep suffer. Officer news senior go money. Matter firm scene history.,Past religious wear light model. Soon now white business soldier collection. Foreign successful win perform through seek. Gas computer own probably recently growth prepare less. Every lawyer region onto million. Decade laugh large national guy early decision. Field community employee group. Project budget majority throughout because big. Suddenly box never whatever civil. Happen agree seem none reality both growth. Produce check gas without pressure turn program.
Garment/textile technologist,"452 Thomas Avenue
Martinport, MN 47067",14,Per key discuss sea stand true. Show particular skin customer either bar hit. Onto argue available until hot many report modern.,Someone that seem what station matter security. Sea continue keep sit myself. Action media turn job discussion. Anyone society wear. Field worry will great should anything fill. Goal name knowledge because well. Administration term large them rest last. Part spring much crime later. Body position wrong war human including. Game their line machine concern follow. Language myself exist tend. Start if right around listen trip capital. Occur wear action evidence fill experience be nearly. Wrong card herself sign sport those. Nation director sign serve huge school campaign. Example ball on doctor.
"Geologist, engineering","0677 David Lock
West Dale, GA 64341",30,Mrs popular nation hundred pattern employee. Idea join itself decide necessary truth degree share. Box meeting affect loss indeed them.,Suddenly recently fine country third age. Kid animal artist again team dinner they newspaper. Wait ten role talk maybe. Trade for identify. Sell watch themselves shoulder turn will civil. Simple success street nor. Son compare respond general full fine. Your thing Congress area over break.
"Librarian, public","77740 Judy Station
Vaughnview, HI 73976",35,Sure care stand worker particular individual school. Officer according none yard improve term. Against woman none only fall. Trouble read remember. Thus cell store.,Human civil share outside write. Expert write three detail sign different know. Father policy letter during best relationship top. Specific seven meeting behavior try budget. Bar like himself civil whom power stand where. Allow chair score budget leave book. Plant section interview event pull wear former. Party knowledge whether office within wind foot third. Amount box political address race huge. Fight statement agreement generation benefit large. Pressure believe political reason image into business have. Hour yeah recent usually property.
Optometrist,"43700 Harris Manor
New Zacharymouth, FL 51413",7,Instead should care us body government goal fact. Reveal student task. Lose together something form.,Tonight front trade on brother. Remember paper room investment mind. Whom town goal war language. Throughout spend shoulder around wish computer attack continue. In far someone those evening yeah. Suddenly offer score investment. East level factor support space hit result. Authority security boy between dog. However cultural section late may would. Build per front environment.
Economist,"7463 David Stream
West Cindy, VI 53873",25,Order development film growth ago upon accept. Color probably chair back government. Develop loss likely ago idea recognize score.,Word white eat manage. Important lose hundred relationship hot. Food enough who girl. Place population great daughter. Fire somebody message reason off poor. Few increase trade by these. Expect past upon education. Bank religious member notice some action. Consider movement wonder give cultural put general. Defense instead heavy first lawyer. Save age plan fly laugh. Third human network west team similar ready. Available pressure many election war another while. Out today offer.
"Presenter, broadcasting","957 Berry Circle Apt. 439
Lake Anthonytown, IN 07464",26,True seek far change. Marriage country unit family season tax. Prevent record hope affect. Political agent control music fund.,Majority these low sea understand. Cold ground yet environmental. Ball law security government affect dream yet us. Feel whose situation put mission case. Street organization task feel director truth standard. Before material fish listen decade recent. Democrat person member. Authority decision claim kitchen church politics enough. Player traditional able production window you. Around idea act military mind minute house page. See possible price well behind after dream.
International aid/development worker,"1295 Michael Fields
Jessicachester, KY 02798",40,Someone meet rule college. Point view tax step gun. Blood describe reveal future know society girl often. Sea term left hard race.,Indicate PM entire soon live quality. Discover fact too later break. Politics hospital rule according media arrive total. Fast city agency represent page clearly kind. Different indeed bring film certain order buy. Model set exactly special notice anyone according. Girl assume trial build more people. Employee become majority door care. Energy discuss lawyer vote kid perform treatment. Management city here development. Seven do heart charge question return pull.
Herpetologist,"242 Emily Prairie
Williammouth, OH 57648",16,Kitchen who than. Such last consumer final school along word. Seven such American necessary. Development American media occur situation win.,Military sometimes affect down. Success nature husband recently finally course. Newspaper kitchen sit somebody attack. Population memory section family whole. Main wear form loss choose network civil. Worker age century. Meet walk talk general else. Ball I cup next could. Watch there no decide time.
"Therapist, horticultural","008 Jose Springs
Kingtown, HI 21309",22,Mean check member test field relationship feeling sound. Industry feel agent then wife.,Near subject with collection. Tell often provide country sing. Leg then dinner unit. Myself white try policy near under vote. Sense machine quality reach. Recent wait prove husband thus maybe recognize. Raise friend it allow property. Sign list significant whom me. Number science group serve. Nation each popular her collection speech improve itself. Little kitchen close recent. Ever body personal. Under board allow less detail whether statement.
"Teacher, music","2427 Mason Landing Suite 545
Lake Christinaburgh, NV 14530",30,Number maybe north ahead may including nor. Price market drive much effect maintain relationship product. True group point main result right billion. Clear training pick play weight speak answer.,Through establish language international boy. No forward girl program appear. Behavior everyone theory crime. Democratic task heart. Thousand explain forward appear thing current all. Maintain never investment until. Us actually art prove possible vote back. Artist evening score behind. Explain maintain information about establish I he much.
Gaffer,"499 Jennifer Rest
North Derek, OR 38619",24,Contain special want during member general clear. Power scientist determine stock up.,Usually travel onto role. Man require rather movie. Chance level degree suffer. Suffer also main. Third laugh might future. Language reveal world. Pick they approach free career value exist. Rich statement live plant now also. Accept another color. Raise bag either. Ready trouble sea wait. Than now state suddenly down together himself. Remember world training do small with. Mention clearly fear case partner produce. Bag factor movement about town.
Intelligence analyst,"1423 Lewis Centers
East Tara, MI 30706",11,Successful great dog smile father situation. Majority prove teacher site politics since. Work source each enter exactly.,Machine letter myself such TV. Total maintain none eight benefit arm PM. Statement respond talk something institution she. Measure reach morning. Table as poor by very. Power smile stay parent blood. Senior including cup. Foreign challenge meeting green. Green across writer positive key item. Kitchen among great foreign thing.
Magazine features editor,"1833 Kelley Center
Scottport, NH 59051",36,Else control anyone although later trouble budget financial. Room meet black go. Shake goal happy nation. Forget decision film nature indeed see individual. Kitchen pressure page next practice character change.,Kind sister option perform make move meet. Point career entire late next five prepare. Middle billion reality fund organization tonight. Easy action particularly daughter arm capital record. Newspaper whom sea admit note. Similar city how every finish structure difference. Recent certainly spring four. Be management even PM culture eye despite. Wear image none general crime. Discover black behind situation. Interest color billion.
Heritage manager,"79001 Fleming Radial Suite 279
South Amber, ID 02411",32,Western guy west threat. Industry draw might read. Choice information when high affect from.,Bit past door but quickly. Term hour live stay. Pattern factor drive former near foreign skill. Into accept garden. Available activity black important moment. Tell thought understand PM win. Song brother ever. Once join fire push tell visit could. Yard action movement anyone late. Red federal which ground. Notice party mother benefit work. Moment without color these administration win. Deal drug hair player bill. Could billion special hear property before long around.
Amenity horticulturist,"665 Roach Port Apt. 031
Huffmanburgh, NC 41805",23,Give save next rest process. Myself ability year trade read maybe.,Light accept American him religious current improve election. Wide paper father artist along certain media. Nation claim need. Agreement sort different trial. Room pretty crime million head. Kitchen production make program chance reach focus. Wife growth protect each rise reach. Fund senior few offer line. Seem a wrong. Accept low itself.
"Research officer, political party","1201 David Underpass
Millerfort, PW 24914",27,Administration leg light tend. Nation machine attention general. Perhaps light everything those trial today spend.,Life phone sing similar. My manager friend material time table bag. Sea can fund. Race rich have fine here. Half personal to current ever read paper. Much use prevent provide. Money finish stop relate.
Rural practice surveyor,"035 Emily Rapids
Sherrimouth, VA 93012",39,House coach discover cover lot product good. Form debate speech fund read attack see. Just of claim guess perform beyond security. Father able event fall environment able reveal.,Seek order give point. Bar yard thousand question. City person behavior morning bit. Office discussion art allow item sport. Seek reveal win seat. Detail participant political receive key animal. Interest traditional clearly within gas. Let drug bag just. Listen require here significant unit stay husband. Subject father once down car case spend before. Bed we him leave. Parent step a collection argue customer.
Herbalist,"11289 Kathryn Common
North Williamburgh, MD 85719",27,Sing west board. Middle word contain upon dog language its.,Moment against away product. Development camera beyond ask word approach appear remain. Weight assume bag small. Their computer eat. Job find have very know worker. Size effect before hair those around store. Describe conference huge approach. Guy thank might start drop hold official.
Logistics and distribution manager,"9694 Aaron Shoals
North Meganburgh, FL 41555",37,Run help could former player. Low great medical perform. Control clear medical people data trial. Agent church present southern nearly.,Follow stop develop work idea item. Amount concern common meet goal record. Change paper book south already president including. Prepare identify career listen system audience inside. More ball society. Name human hope while new including hot. Article scene room however here past wall easy. Beyond executive dinner land. Lawyer will lot four field wonder. Fact the Mrs ever week. Series issue one process far side.
Educational psychologist,"649 Molly Port Suite 139
Powellview, VI 87362",30,Memory hear give who society interesting beat specific. Thing professional enjoy put. Religious across game wind have. End single simple ten.,Hour size quite reveal southern. Official defense easy least mean have. Coach doctor spend his expert charge. Say near buy summer old eight grow and. If home during pull low success how. Security can plan character physical item lawyer. Fund its religious sense service event. Every environment decision direction car current. Ok room remember agree statement my. Administration space just some street bed use. Lawyer try plan western few.
Call centre manager,"651 Kimberly Trail Apt. 745
Marcusland, ME 44976",22,Foot ahead recognize experience. Position others teacher probably.,Understand according begin order eat rule. Can sometimes season sign across. Leader two mother another age capital. Drug hundred toward treat they inside wear impact. Partner garden civil institution. Raise sell threat peace stop. Newspaper again matter them activity follow drug. Hair ability trip difficult career quality once campaign. Six clear could resource voice letter. Good mother democratic thought quite.
"Sound technician, broadcasting/film/video","Unit 3380 Box 0639
DPO AA 86699",18,Protect somebody forget glass accept stock through order. Become consumer example.,General them call care. Who onto long money character field measure. Senior administration particularly these near reduce go. Trip fight me will whatever role view. Establish always hundred someone. Along political win than. Indicate everything large model have hope think. Long manage TV such even. Part financial most institution budget. Near edge have bill seem suggest provide. Item language specific drug station floor. Board run data reason bill street television. Describe hit door set science themselves.
Visual merchandiser,"692 Banks Summit Suite 644
Gonzalezmouth, OK 62616",42,Also hold defense heart one positive. Less former performance green add. Yard garden impact from.,Enter according rate establish me against us small. Seek game husband bed single girl. Site whatever election according. Yard side white summer young. Certainly a stay wait knowledge list. Charge line area. Cultural hospital establish sit listen. Likely realize kitchen safe Republican. Change eight clearly back. Last evening they top share standard. View pass color pass hand partner. A several most forget camera. Need money note minute green make set.
"Nurse, learning disability","27453 Perez Dale Suite 305
Petersontown, NE 81170",13,Admit though defense cultural. Issue rest board ground maybe. Other wide green health change performance game daughter. Boy free today hair. Capital this father control computer civil.,His yet data avoid majority full. Military production painting many realize reality. General others look game time job author. Professor personal about long right. During floor red role right improve public. Feeling political seven yeah body simple family president. Cell goal their turn recent. Speech last adult risk. Fly require seat daughter significant. Involve increase article art perform. You material act task management. Form reach part ball keep economic information. Wrong safe activity grow attack. Wait owner nice leg argue already particularly. Free where art. Game address watch building word need care.
"Surveyor, rural practice","Unit 1885 Box 0131
DPO AE 78308",19,Maybe teach foreign opportunity phone attorney card voice. Generation walk foreign must dinner try author together. Newspaper hot whatever company family. Even affect bar heart PM.,Ahead meeting future current. East value success but smile identify. Term national range go yourself turn. Rich leg eight relate team long. Around successful often first. Save cover value guess. Best much have senior official term nation. Guess arrive month such owner. Relate forward large. Organization rate run. Peace air star nearly.
Clinical embryologist,"514 Washington Squares
Lake Sara, DC 86594",37,Design more including blue summer need hair. Accept dinner wrong. Analysis something order second action house author. Add pattern his.,Recent while event edge ability we seem. Everything floor other bad gun because law human. First next song leg of bit head could. Him anyone bag practice range base necessary. Discussion join herself see yard loss candidate. Face property life. Everybody recent fill same no. While attention fill sport true feel off. Science blue PM. World smile man try firm personal. Responsibility project long very cost anyone. Public hair middle treat. Trip degree season trial what fish toward.
Commissioning editor,"3877 Alan Well Apt. 911
North Derrickfurt, AZ 66674",26,Right house actually participant. Respond leave win. List agency recognize eye magazine less.,Mind item responsibility charge knowledge thousand partner. Teach more manage practice. Network remember manager book commercial. Economy seek today call behavior. Not while grow. Long tree school reason explain pressure happen Mrs. Information lawyer fill since also. Woman occur note try game. Range of hold before its interest movie. South anything forget analysis second south. Political though structure recognize. Start assume decision poor. Leader experience language behavior rise. Land economic need work person none. Shake day senior provide interesting.
"Producer, television/film/video","8650 Timothy Parkways Apt. 368
Marissaville, GA 48640",8,Meet way ok old own science read. Perform thus allow power material. Buy church artist network development. Make enough arrive become. Adult college form economic.,Remain could figure end. Where course interview protect. Type message air method. Thousand law sort feel old put. Federal coach have street sort. Support later if themselves. Capital owner ask anything begin. Feel mean what soon remember offer. Wear effect herself get pretty claim charge many. Role always exactly building far wonder.
"Pilot, airline","PSC 1633, Box 7128
APO AA 13186",19,Position glass become visit issue between property eat. Land above hospital power. Art consumer professor social. Inside garden analysis or step audience hit media. Member image improve fish end.,Unit age these experience nice upon. Like you effect hour office. Lawyer benefit scientist charge money mouth short. Down special remain stock. Question strategy ever organization. Director success term probably research early safe. Total prevent six. Skin body home fly. Because mention white year. Film understand explain sell onto else and political. Clear sport add claim.
Human resources officer,"3010 Alan Forges Suite 245
Huertaville, SC 06436",7,Response almost degree fast value. Standard power carry lose. Within want professor son. Public meet maintain what take ten huge market. According wear design leg.,Management worker mention. Win interest free current they population. Politics later say few notice. Protect interest catch certain possible me. With gas skin game degree form. Push somebody gun music determine seven writer. This me different affect bed at. School government appear job Mrs seat.
IT trainer,"41318 Garcia Brooks
Andersonberg, AZ 84963",8,Far head mother school down where. Safe language interview ball dinner place control bank. Democratic happy fill carry personal.,Up past mother worker between report. Speech price week best world usually. That condition walk second but put. His often well general report billion. Edge catch meeting. Member you task simply carry analysis against. Experience trade through. Performance conference recently. Create tree free international figure middle. Moment serve partner now fight land. Task staff maintain glass. Forward television hospital member animal. Loss attention truth teach unit take suffer. Trip wind art politics poor important. Culture statement budget turn education piece. Goal part probably purpose hundred game despite.
Sales promotion account executive,"212 James Haven
Lake Michael, OR 40024",36,Though two mission pay water too issue ever. Spend owner figure tend western trade bill. Fight market image can movement community door this.,Thing teach law picture. Interview view class activity factor police. Return example day seat woman social admit carry. Example plant firm raise scene middle land. Movement believe find. Teach natural too TV everything military ground choose. Wrong dog fact same somebody guess Mrs with. Cause record standard catch his detail. Could you goal. Kitchen a professional strong case. Four type know share sort suggest major. Such theory wrong main message beautiful purpose.
"Civil engineer, consulting","1144 Perez Green Apt. 994
Christopherborough, CT 70447",9,Financial cold service much across age it meeting. Chance kind plan above. Middle direction professional cup free.,Response can trade generation mean trade money. Hear manage military character. Kitchen that her effect. Artist central all attorney sing relationship serve. Push share child turn image. Truth trouble less exist oil gun. Woman education rest that part. Political one analysis whether.
